{
  "carnes": [
    {
      "id": "1",
      "nome": "picanha",
      "tipo": "bovina",
      "preco_kg": 70,
      "consumo_medio_adulto_g": 300,
      "consumo_medio_crianca_g": 100
    },
    {
      "id": "2",
      "nome": "costela",
      "tipo": "bovina",
      "preco_kg": 35,
      "consumo_medio_adulto_g": 250,
      "consumo_medio_crianca_g": 100
    },
    {
      "id": "3",
      "nome": "linguiça",
      "tipo": "suína",
      "preco_kg": 30,
      "consumo_medio_adulto_g": 200,
      "consumo_medio_crianca_g": 100
    },
    {
      "id": "4",
      "nome": "frango",
      "tipo": "ave",
      "preco_kg": 15,
      "consumo_medio_adulto_g": 200,
      "consumo_medio_crianca_g": 100
    }
  ],
  "bebidas": [
    {
      "id": "1",
      "nome": "cerveja",
      "tipo": "alcoólica",
      "preco_unidade": 5,
      "consumo_medio_adulto_ml": 500,
      "consumo_medio_crianca_ml": 0
    },
    {
      "id": "2",
      "nome": "refrigerante",
      "tipo": "não alcoólica",
      "preco_unidade": 3,
      "consumo_medio_adulto_ml": 300,
      "consumo_medio_crianca_ml": 200
    },
    {
      "id": "3",
      "nome": "água",
      "tipo": "não alcoólica",
      "preco_unidade": 2,
      "consumo_medio_adulto_ml": 500,
      "consumo_medio_crianca_ml": 300
    },
    {
      "id": "4",
      "nome": "suco",
      "tipo": "não alcoólica",
      "preco_unidade": 6,
      "consumo_medio_adulto_ml": 500,
      "consumo_medio_crianca_ml": 300
    }
  ]
}
