{
  "hash": "30c1abf9",
  "configHash": "357dc2f0",
  "lockfileHash": "7cfad45d",
  "browserHash": "cedbfdd5",
  "optimized": {
    "@angular/common": {
      "src": "../../../../../node_modules/@angular/common/fesm2022/common.mjs",
      "file": "@angular_common.js",
      "fileHash": "062a3da6",
      "needsInterop": false
    },
    "@angular/common/http": {
      "src": "../../../../../node_modules/@angular/common/fesm2022/http.mjs",
      "file": "@angular_common_http.js",
      "fileHash": "ddb5c080",
      "needsInterop": false
    },
    "@angular/common/locales/pt": {
      "src": "../../../../../node_modules/@angular/common/locales/pt.mjs",
      "file": "@angular_common_locales_pt.js",
      "fileHash": "1f2d32b8",
      "needsInterop": false
    },
    "@angular/core": {
      "src": "../../../../../node_modules/@angular/core/fesm2022/core.mjs",
      "file": "@angular_core.js",
      "fileHash": "593e6cb8",
      "needsInterop": false
    },
    "@angular/forms": {
      "src": "../../../../../node_modules/@angular/forms/fesm2022/forms.mjs",
      "file": "@angular_forms.js",
      "fileHash": "ada3914d",
      "needsInterop": false
    },
    "@angular/material/button": {
      "src": "../../../../../node_modules/@angular/material/fesm2022/button.mjs",
      "file": "@angular_material_button.js",
      "fileHash": "e71a9f6d",
      "needsInterop": false
    },
    "@angular/material/checkbox": {
      "src": "../../../../../node_modules/@angular/material/fesm2022/checkbox.mjs",
      "file": "@angular_material_checkbox.js",
      "fileHash": "4e4f8972",
      "needsInterop": false
    },
    "@angular/material/form-field": {
      "src": "../../../../../node_modules/@angular/material/fesm2022/form-field.mjs",
      "file": "@angular_material_form-field.js",
      "fileHash": "f580396e",
      "needsInterop": false
    },
    "@angular/material/icon": {
      "src": "../../../../../node_modules/@angular/material/fesm2022/icon.mjs",
      "file": "@angular_material_icon.js",
      "fileHash": "5434b547",
      "needsInterop": false
    },
    "@angular/material/input": {
      "src": "../../../../../node_modules/@angular/material/fesm2022/input.mjs",
      "file": "@angular_material_input.js",
      "fileHash": "894107f3",
      "needsInterop": false
    },
    "@angular/material/menu": {
      "src": "../../../../../node_modules/@angular/material/fesm2022/menu.mjs",
      "file": "@angular_material_menu.js",
      "fileHash": "1ead2d3d",
      "needsInterop": false
    },
    "@angular/material/progress-spinner": {
      "src": "../../../../../node_modules/@angular/material/fesm2022/progress-spinner.mjs",
      "file": "@angular_material_progress-spinner.js",
      "fileHash": "a432f328",
      "needsInterop": false
    },
    "@angular/material/stepper": {
      "src": "../../../../../node_modules/@angular/material/fesm2022/stepper.mjs",
      "file": "@angular_material_stepper.js",
      "fileHash": "01525ac1",
      "needsInterop": false
    },
    "@angular/material/table": {
      "src": "../../../../../node_modules/@angular/material/fesm2022/table.mjs",
      "file": "@angular_material_table.js",
      "fileHash": "0f03bccd",
      "needsInterop": false
    },
    "@angular/material/toolbar": {
      "src": "../../../../../node_modules/@angular/material/fesm2022/toolbar.mjs",
      "file": "@angular_material_toolbar.js",
      "fileHash": "83b6f182",
      "needsInterop": false
    },
    "@angular/platform-browser": {
      "src": "../../../../../node_modules/@angular/platform-browser/fesm2022/platform-browser.mjs",
      "file": "@angular_platform-browser.js",
      "fileHash": "96622103",
      "needsInterop": false
    },
    "@angular/platform-browser/animations/async": {
      "src": "../../../../../node_modules/@angular/platform-browser/fesm2022/animations/async.mjs",
      "file": "@angular_platform-browser_animations_async.js",
      "fileHash": "127d4fbe",
      "needsInterop": false
    },
    "@angular/router": {
      "src": "../../../../../node_modules/@angular/router/fesm2022/router.mjs",
      "file": "@angular_router.js",
      "fileHash": "e261d6f2",
      "needsInterop": false
    },
    "rxjs": {
      "src": "../../../../../node_modules/rxjs/dist/esm5/index.js",
      "file": "rxjs.js",
      "fileHash": "23756aad",
      "needsInterop": false
    }
  },
  "chunks": {
    "browser-O3GMNNWN": {
      "file": "browser-O3GMNNWN.js"
    },
    "chunk-XR5K4UBJ": {
      "file": "chunk-XR5K4UBJ.js"
    },
    "chunk-X63RACQG": {
      "file": "chunk-X63RACQG.js"
    },
    "chunk-CNSYOPCH": {
      "file": "chunk-CNSYOPCH.js"
    },
    "chunk-YJ7PD6S4": {
      "file": "chunk-YJ7PD6S4.js"
    },
    "chunk-YRU466SS": {
      "file": "chunk-YRU466SS.js"
    },
    "chunk-33ZZCHA6": {
      "file": "chunk-33ZZCHA6.js"
    },
    "chunk-QYCZQIR7": {
      "file": "chunk-QYCZQIR7.js"
    },
    "chunk-ZAQRTTMM": {
      "file": "chunk-ZAQRTTMM.js"
    },
    "chunk-SAKZRJVJ": {
      "file": "chunk-SAKZRJVJ.js"
    },
    "chunk-QYWHIPA4": {
      "file": "chunk-QYWHIPA4.js"
    },
    "chunk-JWGNUHUZ": {
      "file": "chunk-JWGNUHUZ.js"
    },
    "chunk-WSA2QMXP": {
      "file": "chunk-WSA2QMXP.js"
    },
    "chunk-J4B6MK7R": {
      "file": "chunk-J4B6MK7R.js"
    }
  }
}